{"cameraMode":{"drawMode":0,"name":"Shaded","section":"Shading Mode"},"sceneLighting":true,"audioPlay":false,"sceneViewState":{"showFog":true,"showMaterialUpdate":false,"showSkybox":true,"showFlares":true,"showImageEffects":true,"showParticleSystems":true},"in2DMode":false,"pivot":{"x":490.8937072753906,"y":-23.606266021728517,"z":-10.581268310546875},"rotation":{"x":-0.224869966506958,"y":0.0005820874939672649,"z":-0.00013427996600512415,"w":-0.9743884801864624},"size":91.3345947265625,"orthographic":true}